1614728301.000000,222088337.000000,0.000275,0.000569,0.002821,
1614728301.000000,227091312.000000,0.000443,0.000581,0.001695,
1614728301.000000,232095242.000000,0.000445,0.000591,0.001864,
1614728301.000000,237098217.000000,0.000451,0.000602,0.002044,
1614728301.000000,242101192.000000,0.000455,0.000612,0.002231,
1614728301.000000,247104883.000000,0.000454,0.000623,0.002425,
1614728301.000000,252108097.000000,0.000453,0.000633,0.002627,
1614728301.000000,257112026.000000,0.000450,0.000644,0.002835,
1614728301.000000,262115240.000000,0.000388,0.000630,0.001950,
1614728301.000000,267117977.000000,0.000393,0.000642,0.002136,
1614728301.000000,312149286.000000,0.000366,0.000646,0.002465,
1614728301.000000,317152262.000000,0.000351,0.000656,0.002683,
1614728301.000000,322155952.000000,0.000337,0.000664,0.002909,
1614728301.000000,327159166.000000,0.000322,0.000673,0.003142,
1614728301.000000,332163095.000000,0.000412,0.000605,0.001940,
1614728301.000000,337166071.000000,0.000412,0.000612,0.002116,
1614728301.000000,342170000.000000,0.000416,0.000622,0.002301,
1614728301.000000,347172976.000000,0.000416,0.000630,0.002493,
1614728301.000000,352176189.000000,0.000414,0.000638,0.002690,
1614728301.000000,357180119.000000,0.000412,0.000645,0.002893,
1614728301.000000,402210236.000000,0.000413,0.000543,0.002138,
1614728301.000000,407213926.000000,0.000407,0.000547,0.002339,
1614728301.000000,412217140.000000,0.000398,0.000552,0.002550,
1614728301.000000,417221069.000000,0.000384,0.000555,0.002764,
1614728301.000000,422224045.000000,0.000371,0.000558,0.002988,
1614728301.000000,427227259.000000,0.000359,0.000560,0.003221,
1614728301.000000,432231188.000000,0.000387,0.000480,0.001928,
1614728301.000000,437234402.000000,0.000396,0.000484,0.002115,
1614728301.000000,442238092.000000,0.000406,0.000489,0.002309,
1614728301.000000,447241068.000000,0.000416,0.000494,0.002508,
1614728301.000000,492272139.000000,0.000154,0.000477,0.003047,
1614728301.000000,497275114.000000,0.000191,0.000487,0.001803,
1614728301.000000,502278328.000000,0.000174,0.000490,0.001972,
1614728301.000000,507282257.000000,0.000156,0.000492,0.002148,
1614728301.000000,512284994.000000,0.000137,0.000496,0.002337,
1614728301.000000,517289162.000000,0.000119,0.000499,0.002530,
1614728301.000000,522292137.000000,0.000102,0.000501,0.002731,
1614728301.000000,527296305.000000,0.000085,0.000504,0.002935,
1614728301.000000,532299280.000000,0.000218,0.000409,0.001827,
1614728301.000000,537302256.000000,0.000208,0.000409,0.001998,
1614728301.000000,582333088.000000,0.000183,0.000397,0.002553,
1614728301.000000,587336063.000000,0.000186,0.000397,0.002749,
1614728301.000000,592340231.000000,0.000187,0.000396,0.002953,
1614728301.000000,597343206.000000,0.000133,0.000315,0.001760,
1614728301.000000,602347374.000000,0.000124,0.000311,0.001940,
1614728301.000000,607350349.000000,0.000109,0.000312,0.002125,
1614728301.000000,612352848.000000,0.000096,0.000311,0.002321,
1614728301.000000,617357016.000000,0.000082,0.000310,0.002524,
1614728301.000000,622359991.000000,0.000064,0.000306,0.002736,
1614728301.000000,627362967.000000,0.000048,0.000303,0.002955,
1614728301.000000,717425108.000000,0.000002,0.000328,0.002695,
1614728301.000000,722428083.000000,-0.000029,0.000331,0.002910,
1614728301.000000,727432251.000000,-0.000060,0.000335,0.003133,
1614728301.000000,732435226.000000,0.000306,0.000289,0.001807,
1614728301.000000,737439156.000000,0.000318,0.000294,0.001995,
1614728301.000000,742442369.000000,0.000333,0.000299,0.002187,
1614728301.000000,747445345.000000,0.000342,0.000303,0.002374,
1614728301.000000,752449036.000000,0.000354,0.000308,0.002573,
1614728301.000000,757452011.000000,0.000364,0.000312,0.002779,
1614728301.000000,762454987.000000,0.000375,0.000317,0.003005,
1614728301.000000,807486296.000000,0.000292,0.000455,0.002047,
1614728301.000000,812490225.000000,0.000287,0.000460,0.002251,
1614728301.000000,817493439.000000,0.000286,0.000469,0.002454,
1614728301.000000,822496176.000000,0.000285,0.000477,0.002663,
1614728301.000000,827499866.000000,0.000290,0.000486,0.002875,
1614728301.000000,832503080.000000,0.000195,0.000445,0.001852,
1614728301.000000,837507010.000000,0.000195,0.000452,0.002026,
1614728301.000000,842510223.000000,0.000193,0.000454,0.002200,
1614728301.000000,847514153.000000,0.000193,0.000458,0.002388,
1614728301.000000,852517128.000000,0.000194,0.000461,0.002585,
1614728301.000000,897547960.000000,0.000297,0.000446,0.001971,
1614728301.000000,902550936.000000,0.000303,0.000452,0.002150,
1614728301.000000,907554150.000000,0.000305,0.000459,0.002342,
1614728301.000000,912558079.000000,0.000305,0.000466,0.002542,
1614728301.000000,917561293.000000,0.000305,0.000474,0.002749,
1614728301.000000,922565222.000000,0.000302,0.000477,0.002967,
1614728301.000000,927567959.000000,0.000228,0.000431,0.001768,
1614728301.000000,932572126.000000,0.000225,0.000434,0.001944,
1614728301.000000,937575102.000000,0.000233,0.000444,0.002125,
1614728301.000000,942578316.000000,0.000232,0.000450,0.002313,
1614728301.000000,987609148.000000,0.000296,0.000447,0.002483,
1614728301.000000,992611885.000000,0.000311,0.000500,0.002656,
1614728301.000000,997616053.000000,0.000354,0.000609,0.001823,
1614728302.000000,2619028.000000,0.000369,0.000605,0.002029,
1614728302.000000,7623196.000000,0.000403,0.000582,0.002242,
1614728302.000000,12626171.000000,0.000419,0.000621,0.002417,
1614728302.000000,17629147.000000,0.000438,0.000628,0.002629,
1614728302.000000,22633314.000000,0.000456,0.000639,0.002854,
1614728302.000000,27636051.000000,0.000509,0.000652,0.003102,
1614728302.000000,32640219.000000,0.000106,0.000704,0.001562,
1614728302.000000,122701168.000000,0.000478,0.000542,0.002059,
1614728302.000000,127704144.000000,0.000504,0.000680,0.001365,
1614728302.000000,132708073.000000,0.000500,0.000694,0.001531,
1614728302.000000,137711048.000000,0.000537,0.000735,0.001692,
1614728302.000000,142714024.000000,0.000558,0.000765,0.001865,
1614728302.000000,147718191.000000,0.000588,0.000799,0.002042,
1614728302.000000,152721167.000000,0.000629,0.000837,0.002223,
1614728302.000000,157725334.000000,0.000637,0.000881,0.002434,
1614728302.000000,162728310.000000,0.000704,0.001006,0.001815,
1614728302.000000,167732239.000000,0.000742,0.001067,0.002001,
1614728302.000000,212762117.000000,0.001239,0.001539,0.002833,
1614728302.000000,217766047.000000,0.001367,0.001610,0.003077,
1614728302.000000,222769260.000000,0.001498,0.001684,0.003324,
1614728302.000000,227773190.000000,0.001639,0.001759,0.003584,
1614728302.000000,232776403.000000,0.001725,0.001440,0.001991,
1614728302.000000,237779140.000000,0.001925,0.001489,0.002173,
1614728302.000000,242783070.000000,0.002141,0.001534,0.002359,
1614728302.000000,247786283.000000,0.002433,0.001552,0.002560,
1614728302.000000,252789259.000000,0.002734,0.001571,0.002771,
1614728302.000000,257793188.000000,0.003068,0.001581,0.002994,
1614728302.000000,307827234.000000,0.006676,0.002597,0.003072,
1614728302.000000,312830210.000000,0.006658,0.002701,0.003358,
1614728302.000000,317834139.000000,0.006964,0.002895,0.003647,
1614728302.000000,322837353.000000,0.007252,0.003100,0.003957,
1614728302.000000,327841282.000000,0.008012,0.002893,0.001910,
1614728302.000000,332844019.000000,0.008298,0.003096,0.002080,
1614728302.000000,337846994.000000,0.008582,0.003306,0.002255,
1614728302.000000,342850924.000000,0.008994,0.003541,0.002447,
1614728302.000000,347854137.000000,0.009362,0.003777,0.002642,
1614728302.000000,352858067.000000,0.009757,0.004024,0.002845,
1614728302.000000,392885208.000000,0.013052,0.006078,0.005182,
1614728302.000000,397888422.000000,0.014495,0.005461,0.003595,
1614728302.000000,402892113.000000,0.014797,0.005850,0.004034,
1614728302.000000,407894850.000000,0.015022,0.006225,0.004505,
1614728302.000000,412899017.000000,0.015260,0.006627,0.005007,
1614728302.000000,417901993.000000,0.015475,0.007042,0.005540,
1614728302.000000,422905207.000000,0.015678,0.007456,0.006115,
1614728302.000000,427909136.000000,0.015860,0.007182,0.005439,
1614728302.000000,432912111.000000,0.016015,0.007594,0.006038,
1614728302.000000,437916279.000000,0.016120,0.007997,0.006707,
1614728302.000000,482945919.000000,0.014713,0.010988,0.012518,
1614728302.000000,487950087.000000,0.014644,0.011371,0.013454,
1614728302.000000,492953062.000000,0.014576,0.011756,0.014417,
1614728302.000000,497957230.000000,0.012948,0.012037,0.015085,
1614728302.000000,502960205.000000,0.012896,0.012446,0.016081,
1614728302.000000,507962942.000000,0.012859,0.012862,0.017097,
1614728302.000000,512967110.000000,0.012834,0.013283,0.018130,
1614728302.000000,517970085.000000,0.012802,0.013712,0.019156,
1614728302.000000,522974253.000000,0.012785,0.014146,0.020209,
1614728302.000000,527977228.000000,0.011838,0.014841,0.019263,
1614728302.000000,588018179.000000,0.010523,0.021424,0.029397,
1614728302.000000,593021154.000000,0.010342,0.021996,0.030518,
1614728302.000000,598025322.000000,0.010765,0.023820,0.028894,
1614728302.000000,603028297.000000,0.010569,0.024473,0.029935,
1614728302.000000,608032227.000000,0.010340,0.025058,0.030994,
1614728302.000000,613035440.000000,0.010101,0.025676,0.032071,
1614728302.000000,618038177.000000,0.009848,0.026287,0.033165,
1614728302.000000,623042107.000000,0.009577,0.026891,0.034279,
1614728302.000000,628045082.000000,0.009290,0.027480,0.035390,
1614728302.000000,633049011.000000,0.009477,0.028459,0.034700,
1614728302.000000,718106985.000000,0.002598,0.038698,0.053171,
1614728302.000000,723109961.000000,0.002046,0.039200,0.054380,
1614728302.000000,728113174.000000,0.000883,0.040559,0.055779,
1614728302.000000,733117104.000000,0.000279,0.041066,0.056986,
1614728302.000000,738120317.000000,-0.000336,0.041550,0.058205,
1614728302.000000,743124247.000000,-0.000968,0.042023,0.059430,
1614728302.000000,748127222.000000,-0.001618,0.042482,0.060657,
1614728302.000000,753131390.000000,-0.002270,0.042951,0.061904,
1614728302.000000,758134127.000000,-0.002945,0.043400,0.063148,
1614728302.000000,763137102.000000,-0.003794,0.044628,0.063719,
1614728302.000000,808168173.000000,-0.009998,0.048453,0.074343,
1614728302.000000,813171387.000000,-0.010804,0.048667,0.075602,
1614728302.000000,818175316.000000,-0.011614,0.048851,0.076868,
1614728302.000000,823178053.000000,-0.012441,0.049005,0.078140,
1614728302.000000,828182220.000000,-0.013283,0.049147,0.079422,
1614728302.000000,833185196.000000,-0.013731,0.049158,0.079081,
1614728302.000000,838189125.000000,-0.014622,0.049240,0.080314,
1614728302.000000,843192101.000000,-0.015490,0.049303,0.081547,
1614728302.000000,848196268.000000,-0.016394,0.049338,0.082787,
1614728302.000000,853199244.000000,-0.017308,0.049349,0.084029,
1614728302.000000,898230314.000000,-0.027013,0.047918,0.093145,
1614728302.000000,903233051.000000,-0.028119,0.047564,0.094357,
1614728302.000000,908236027.000000,-0.029170,0.047207,0.095558,
1614728302.000000,913240194.000000,-0.030272,0.046803,0.096770,
1614728302.000000,918243170.000000,-0.031383,0.046370,0.097982,
1614728302.000000,923247099.000000,-0.032468,0.045918,0.099176,
1614728302.000000,928250074.000000,-0.033590,0.045076,0.099562,
1614728302.000000,933253050.000000,-0.034679,0.044555,0.100732,
1614728302.000000,938257217.000000,-0.035697,0.044011,0.101879,
1614728302.000000,943260193.000000,-0.036739,0.043439,0.103028,
1614728302.000000,988291264.000000,-0.045382,0.037636,0.112517,
1614728302.000000,993295193.000000,-0.046351,0.036890,0.113608,
1614728302.000000,998297930.000000,-0.045444,0.035859,0.112553,
1614728303.000000,3301144.000000,-0.046319,0.035078,0.113533,
1614728303.000000,8305073.000000,-0.047200,0.034290,0.114519,
1614728303.000000,13308287.000000,-0.048071,0.033487,0.115495,
1614728303.000000,18312216.000000,-0.048899,0.032650,0.116447,
1614728303.000000,23315191.000000,-0.049722,0.031802,0.117394,
1614728303.000000,28318167.000000,-0.050527,0.030934,0.118329,
1614728303.000000,33322096.000000,-0.050896,0.030491,0.117520,
1614728303.000000,123383045.000000,-0.060377,0.011997,0.128622,
1614728303.000000,128387213.000000,-0.060918,0.010841,0.129315,
1614728303.000000,133389950.000000,-0.062008,0.010774,0.129277,
1614728303.000000,138392925.000000,-0.062540,0.009628,0.129931,
1614728303.000000,143397093.000000,-0.063089,0.008498,0.130604,
1614728303.000000,148400068.000000,-0.063620,0.007348,0.131263,
1614728303.000000,153404236.000000,-0.064147,0.006192,0.131920,
1614728303.000000,158407211.000000,-0.064656,0.005044,0.132567,
1614728303.000000,163411379.000000,-0.066074,0.004137,0.132130,
1614728303.000000,168414116.000000,-0.066618,0.002984,0.132749,
1614728303.000000,213445187.000000,-0.071616,-0.007870,0.137104,
1614728303.000000,218448162.000000,-0.071998,-0.009148,0.137615,
1614728303.000000,223451138.000000,-0.072349,-0.010430,0.138110,
1614728303.000000,228455305.000000,-0.072835,-0.011905,0.137915,
1614728303.000000,233458281.000000,-0.073140,-0.013221,0.138372,
1614728303.000000,238462210.000000,-0.073400,-0.014474,0.138841,
1614728303.000000,243465185.000000,-0.073649,-0.015767,0.139295,
1614728303.000000,248468161.000000,-0.073871,-0.017059,0.139746,
1614728303.000000,253472328.000000,-0.074080,-0.018376,0.140202,
1614728303.000000,258475304.000000,-0.074263,-0.019688,0.140651,
1614728303.000000,308510065.000000,-0.074437,-0.033711,0.142210,
1614728303.000000,313513041.000000,-0.074475,-0.035147,0.142545,
1614728303.000000,318516254.000000,-0.074498,-0.036594,0.142877,
1614728303.000000,323520184.000000,-0.074504,-0.038047,0.143204,
1614728303.000000,328523397.000000,-0.074265,-0.039116,0.141855,
1614728303.000000,333527088.000000,-0.074221,-0.040562,0.142110,
1614728303.000000,338530064.000000,-0.074159,-0.042011,0.142362,
1614728303.000000,343533039.000000,-0.074080,-0.043463,0.142612,
1614728303.000000,348536968.000000,-0.074018,-0.044920,0.142878,
1614728303.000000,353540182.000000,-0.073930,-0.046378,0.143135,
1614728303.000000,403574467.000000,-0.073613,-0.060208,0.141800,
1614728303.000000,408578157.000000,-0.073474,-0.061588,0.141940,
1614728303.000000,413580894.000000,-0.073333,-0.062961,0.142083,
1614728303.000000,418585062.000000,-0.073179,-0.064325,0.142226,
1614728303.000000,423588037.000000,-0.073011,-0.065687,0.142380,
1614728303.000000,428592205.000000,-0.072830,-0.067039,0.142531,
1614728303.000000,433595181.000000,-0.072804,-0.068230,0.141827,
1614728303.000000,438598156.000000,-0.072619,-0.069568,0.141966,
1614728303.000000,443602324.000000,-0.072421,-0.070899,0.142104,
1614728303.000000,448605061.000000,-0.072217,-0.072223,0.142247,
1614728303.000000,493636131.000000,-0.068829,-0.082549,0.142870,
1614728303.000000,498639107.000000,-0.067929,-0.083130,0.142538,
1614728303.000000,503643274.000000,-0.067518,-0.084347,0.142652,
1614728303.000000,508646250.000000,-0.067088,-0.085548,0.142769,
1614728303.000000,513648987.000000,-0.066641,-0.086748,0.142885,
1614728303.000000,518653154.000000,-0.066189,-0.087946,0.143002,
1614728303.000000,523656130.000000,-0.065719,-0.089143,0.143121,
1614728303.000000,528660297.000000,-0.065077,-0.089842,0.141636,
1614728303.000000,533663273.000000,-0.064579,-0.090990,0.141689,
1614728303.000000,538667202.000000,-0.064067,-0.092149,0.141748,
1614728303.000000,583697081.000000,-0.057550,-0.101203,0.140655,
1614728303.000000,588701010.000000,-0.056757,-0.102257,0.140641,
1614728303.000000,593704224.000000,-0.055932,-0.103312,0.140627,
1614728303.000000,598707199.000000,-0.055984,-0.104352,0.140271,
1614728303.000000,603711367.000000,-0.055139,-0.105429,0.140261,
1614728303.000000,608714342.000000,-0.054269,-0.106505,0.140258,
1614728303.000000,613718271.000000,-0.053401,-0.107567,0.140283,
1614728303.000000,618721247.000000,-0.052506,-0.108631,0.140305,
1614728303.000000,623724937.000000,-0.051593,-0.109693,0.140333,
1614728303.000000,628727913.000000,-0.050565,-0.110834,0.138629,
1614728303.000000,723793030.000000,-0.034880,-0.127203,0.137935,
1614728303.000000,728796005.000000,-0.033835,-0.127572,0.137320,
1614728303.000000,733800173.000000,-0.032813,-0.128295,0.137445,
1614728303.000000,738803148.000000,-0.031842,-0.128997,0.137578,
1614728303.000000,743807316.000000,-0.030837,-0.129690,0.137727,
1614728303.000000,748810291.000000,-0.029831,-0.130369,0.137890,
1614728303.000000,753814459.000000,-0.028805,-0.131004,0.138040,
1614728303.000000,758817196.000000,-0.027783,-0.131629,0.138209,
1614728303.000000,763820887.000000,-0.027510,-0.132087,0.136792,
1614728303.000000,768824100.000000,-0.026451,-0.132601,0.136853,
1614728303.000000,813855171.000000,-0.017612,-0.135921,0.136685,
1614728303.000000,818858385.000000,-0.016384,-0.136204,0.136672,
1614728303.000000,823861361.000000,-0.015127,-0.136451,0.136639,
1614728303.000000,828864813.000000,-0.013691,-0.136452,0.135621,
1614728303.000000,833868027.000000,-0.012437,-0.136640,0.135595,
1614728303.000000,838871956.000000,-0.011143,-0.136814,0.135547,
1614728303.000000,843875170.000000,-0.009834,-0.136964,0.135497,
1614728303.000000,848878145.000000,-0.008556,-0.137078,0.135472,
1614728303.000000,853882074.000000,-0.007255,-0.137170,0.135444,
1614728303.000000,858885288.000000,-0.005952,-0.137235,0.135425,
1614728303.000000,903915882.000000,0.006673,-0.136022,0.130416,
1614728303.000000,908920050.000000,0.007988,-0.135845,0.130356,
1614728303.000000,913923025.000000,0.009299,-0.135647,0.130307,
1614728303.000000,918926239.000000,0.010618,-0.135434,0.130272,
1614728303.000000,923930168.000000,0.011947,-0.135206,0.130249,
1614728303.000000,928933144.000000,0.012639,-0.134642,0.129622,
1614728303.000000,933936119.000000,0.013978,-0.134348,0.129571,
1614728303.000000,938940048.000000,0.015327,-0.134034,0.129528,
1614728303.000000,943943262.000000,0.016644,-0.133651,0.129505,
1614728303.000000,948947191.000000,0.017991,-0.133270,0.129485,
1614728303.000000,993978262.000000,0.030045,-0.128764,0.127634,
1614728303.000000,998981237.000000,0.030155,-0.128074,0.126948,
1614728304.000000,3983974.000000,0.031492,-0.127417,0.126922,
1614728304.000000,8988142.000000,0.032828,-0.126730,0.126908,
1614728304.000000,13991117.000000,0.034163,-0.126022,0.126902,
1614728304.000000,18995285.000000,0.035484,-0.125292,0.126906,
1614728304.000000,23998260.000000,0.036810,-0.124542,0.126918,
1614728304.000000,29001236.000000,0.037713,-0.124514,0.125853,
1614728304.000000,34005404.000000,0.039026,-0.123752,0.125852,
1614728304.000000,39008141.000000,0.040336,-0.122967,0.125858,
1614728304.000000,84039211.000000,0.052292,-0.115030,0.124587,
1614728304.000000,89042187.000000,0.053534,-0.114006,0.124639,
1614728304.000000,94046354.000000,0.054766,-0.112958,0.124704,
1614728304.000000,99049330.000000,0.056479,-0.112293,0.123345,
1614728304.000000,104053259.000000,0.057661,-0.111209,0.123386,
1614728304.000000,109056234.000000,0.058824,-0.110106,0.123438,
1614728304.000000,114059925.000000,0.059966,-0.109008,0.123500,
1614728304.000000,119063139.000000,0.061091,-0.107886,0.123577,
1614728304.000000,124066114.000000,0.062197,-0.106750,0.123669,
1614728304.000000,129070044.000000,0.063078,-0.106205,0.122669,
1614728304.000000,219130993.000000,0.079580,-0.083613,0.121891,
1614728304.000000,224135160.000000,0.080443,-0.082206,0.121975,
1614728304.000000,229138136.000000,0.080888,-0.080589,0.121138,
1614728304.000000,234142303.000000,0.081736,-0.079157,0.121197,
1614728304.000000,239145279.000000,0.082544,-0.077715,0.121266,
1614728304.000000,244148016.000000,0.083357,-0.076264,0.121335,
1614728304.000000,249152184.000000,0.084158,-0.074804,0.121406,
1614728304.000000,254155159.000000,0.084924,-0.073333,0.121485,
1614728304.000000,259159088.000000,0.085683,-0.071852,0.121568,
1614728304.000000,264162064.000000,0.086059,-0.070245,0.120310,
1614728304.000000,324203253.000000,0.093261,-0.052225,0.119191,
1614728304.000000,329206944.000000,0.093340,-0.050352,0.118458,
1614728304.000000,334210157.000000,0.093776,-0.048745,0.118488,
1614728304.000000,339213133.000000,0.094206,-0.047143,0.118521,
1614728304.000000,344217300.000000,0.094611,-0.045533,0.118564,
1614728304.000000,349220037.000000,0.094976,-0.043928,0.118622,
1614728304.000000,354223967.000000,0.095317,-0.042313,0.118685,
1614728304.000000,359227180.000000,0.095628,-0.040695,0.118756,
1614728304.000000,364231110.000000,0.096606,-0.039411,0.117541,
1614728304.000000,369234324.000000,0.096917,-0.037813,0.117564,
1614728304.000000,409261227.000000,0.098924,-0.024792,0.118075,
1614728304.000000,414265156.000000,0.099077,-0.023220,0.118178,
1614728304.000000,419267893.000000,0.099229,-0.021658,0.118294,
1614728304.000000,424272060.000000,0.099356,-0.020099,0.118424,
1614728304.000000,429275036.000000,0.099274,-0.019374,0.116784,
1614728304.000000,434278250.000000,0.099342,-0.017843,0.116861,
1614728304.000000,439282179.000000,0.099390,-0.016317,0.116946,
1614728304.000000,444285154.000000,0.099464,-0.014823,0.117031,
1614728304.000000,449289322.000000,0.099497,-0.013323,0.117129,
1614728304.000000,454292059.000000,0.099517,-0.011834,0.117234,
1614728304.000000,504326105.000000,0.099476,0.001240,0.115953,
1614728304.000000,509330273.000000,0.099333,0.002624,0.116079,
1614728304.000000,514333248.000000,0.099171,0.004003,0.116216,
1614728304.000000,519337416.000000,0.098989,0.005377,0.116367,
1614728304.000000,524340153.000000,0.098800,0.006720,0.116510,
1614728304.000000,529343128.000000,0.098998,0.007679,0.115401,
1614728304.000000,534347296.000000,0.098781,0.009008,0.115547,
1614728304.000000,539350271.000000,0.098585,0.010303,0.115695,
1614728304.000000,544353962.000000,0.098353,0.011598,0.115858,
1614728304.000000,549357176.000000,0.098110,0.012878,0.116030,
1614728304.000000,589385271.000000,0.094622,0.022538,0.116681,
1614728304.000000,594388008.000000,0.094224,0.023744,0.116917,
1614728304.000000,599392176.000000,0.093994,0.024731,0.115075,
1614728304.000000,604395151.000000,0.093572,0.025925,0.115276,
1614728304.000000,609398365.000000,0.093134,0.027109,0.115491,
1614728304.000000,614402056.000000,0.092671,0.028268,0.115721,
1614728304.000000,619405031.000000,0.092195,0.029420,0.115966,
1614728304.000000,624409199.000000,0.091699,0.030558,0.116224,
1614728304.000000,629411936.000000,0.091326,0.032223,0.115579,
1614728304.000000,634415150.000000,0.090832,0.033379,0.115827,
1614728304.000000,724477291.000000,0.078605,0.049394,0.120243,
1614728304.000000,729480267.000000,0.077901,0.050171,0.119201,
1614728304.000000,734484196.000000,0.077147,0.050911,0.119604,
1614728304.000000,739487171.000000,0.076343,0.051645,0.120035,
1614728304.000000,744491339.000000,0.075538,0.052357,0.120477,
1614728304.000000,749494314.000000,0.074712,0.053054,0.120937,
1614728304.000000,754498005.000000,0.073865,0.053735,0.121417,
1614728304.000000,759501219.000000,0.073031,0.054359,0.121882,
1614728304.000000,764503956.000000,0.072036,0.053662,0.120485,
1614728304.000000,769507885.000000,0.071141,0.054214,0.120927,
1614728304.000000,814538240.000000,0.064291,0.057378,0.124116,
1614728304.000000,819542170.000000,0.063486,0.057655,0.124548,
1614728304.000000,824545383.000000,0.062702,0.057906,0.124974,
1614728304.000000,829549074.000000,0.061218,0.058340,0.123926,
1614728304.000000,834552288.000000,0.060305,0.058558,0.124354,
1614728304.000000,839555979.000000,0.059415,0.058767,0.124779,
1614728304.000000,844558954.000000,0.058507,0.058955,0.125218,
1614728304.000000,849563122.000000,0.057575,0.059101,0.125683,
1614728304.000000,854566097.000000,0.056626,0.059229,0.126157,
1614728304.000000,859569311.000000,0.056517,0.059343,0.124624,
1614728304.000000,904599905.000000,0.047167,0.059025,0.127552,
1614728304.000000,909604073.000000,0.046088,0.058923,0.128034,
1614728304.000000,914607048.000000,0.045012,0.058815,0.128522,
1614728304.000000,919611216.000000,0.043925,0.058689,0.129020,
1614728304.000000,924614191.000000,0.042832,0.058551,0.129525,
1614728304.000000,929617167.000000,0.041688,0.059078,0.129004,
1614728304.000000,934621334.000000,0.040600,0.058934,0.129482,
1614728304.000000,939624310.000000,0.039509,0.058774,0.129963,
1614728304.000000,944628239.000000,0.038439,0.058569,0.130438,
1614728304.000000,949631214.000000,0.037364,0.058353,0.130919,
1614728304.000000,999665260.000000,0.027228,0.054883,0.132771,
1614728305.000000,4669189.000000,0.026191,0.054530,0.133209,
1614728305.000000,9672403.000000,0.025097,0.054188,0.133682,
1614728305.000000,14676094.000000,0.024022,0.053835,0.134149,
1614728305.000000,19679070.000000,0.022935,0.053480,0.134624,
1614728305.000000,24683237.000000,0.021841,0.053079,0.135101,
1614728305.000000,29686213.000000,0.021230,0.052239,0.133684,
1614728305.000000,34689188.000000,0.020122,0.051800,0.134128,
1614728305.000000,39693117.000000,0.019049,0.051298,0.134545,
1614728305.000000,44695854.000000,0.017948,0.050799,0.134987,
1614728305.000000,89727163.000000,0.008733,0.046655,0.138173,
1614728305.000000,94730139.000000,0.007913,0.046927,0.138187,
1614728305.000000,99734306.000000,0.006918,0.046378,0.138623,
1614728305.000000,104737282.000000,0.005950,0.045833,0.139049,
1614728305.000000,109741211.000000,0.004985,0.045281,0.139481,
1614728305.000000,114743948.000000,0.004019,0.044722,0.139926,
1614728305.000000,119748116.000000,0.003043,0.044118,0.140388,
1614728305.000000,124751091.000000,0.002071,0.043519,0.140853,
1614728305.000000,129754066.000000,0.001854,0.042466,0.139402,
1614728305.000000,134758234.000000,0.000855,0.041801,0.139834,
1614728305.000000,224820137.000000,-0.016315,0.029811,0.145519,
1614728305.000000,229823112.000000,-0.017891,0.029823,0.145386,
1614728305.000000,234827280.000000,-0.018836,0.029078,0.145856,
1614728305.000000,239830256.000000,-0.019772,0.028325,0.146330,
1614728305.000000,244833231.000000,-0.020669,0.027604,0.146798,
1614728305.000000,249837160.000000,-0.021572,0.026857,0.147277,
1614728305.000000,254839897.000000,-0.022463,0.026109,0.147761,
1614728305.000000,259844065.000000,-0.023353,0.025380,0.148264,
1614728305.000000,264847040.000000,-0.023896,0.024297,0.147871,
1614728305.000000,269851208.000000,-0.024745,0.023568,0.148358,
1614728305.000000,319885254.000000,-0.031957,0.017127,0.152086,
1614728305.000000,324887991.000000,-0.032777,0.016365,0.152648,
1614728305.000000,329891920.000000,-0.033600,0.016799,0.152692,
1614728305.000000,334895134.000000,-0.034371,0.016067,0.153242,
1614728305.000000,339898109.000000,-0.035149,0.015324,0.153801,
1614728305.000000,344902039.000000,-0.035919,0.014575,0.154364,
1614728305.000000,349905252.000000,-0.036681,0.013820,0.154929,
1614728305.000000,354909182.000000,-0.037449,0.013068,0.155521,
1614728305.000000,359912395.000000,-0.038723,0.012510,0.155489,
1614728305.000000,364916086.000000,-0.039501,0.011748,0.156060,
1614728305.000000,404942989.000000,-0.045717,0.005348,0.159384,
1614728305.000000,409946203.000000,-0.046499,0.004478,0.159993,
1614728305.000000,414950132.000000,-0.047264,0.003614,0.160605,
1614728305.000000,419953108.000000,-0.048028,0.002739,0.161224,
1614728305.000000,424957275.000000,-0.048787,0.001860,0.161850,
1614728305.000000,429960012.000000,-0.049012,0.000946,0.160913,
1614728305.000000,434964180.000000,-0.049729,0.000059,0.161482,
1614728305.000000,439967155.000000,-0.050438,-0.000832,0.162057,
1614728305.000000,444970131.000000,-0.051141,-0.001741,0.162633,
1614728305.000000,449974298.000000,-0.051839,-0.002655,0.163216,
1614728305.000000,500008106.000000,-0.058866,-0.011819,0.166591,
1614728305.000000,505011082.000000,-0.059503,-0.012804,0.167123,
1614728305.000000,510015249.000000,-0.060143,-0.013772,0.167661,
1614728305.000000,515018225.000000,-0.060771,-0.014750,0.168203,
1614728305.000000,520022392.000000,-0.061394,-0.015727,0.168749,
1614728305.000000,525025368.000000,-0.062015,-0.016701,0.169301,
1614728305.000000,530029058.000000,-0.062694,-0.017543,0.168185,
1614728305.000000,535032034.000000,-0.063316,-0.018517,0.168668,
1614728305.000000,540035009.000000,-0.063910,-0.019507,0.169157,
1614728305.000000,545038939.000000,-0.064512,-0.020490,0.169649,
1614728305.000000,585066319.000000,-0.068718,-0.028000,0.172340,
1614728305.000000,590070248.000000,-0.069230,-0.028966,0.172805,
1614728305.000000,595072985.000000,-0.069868,-0.029135,0.172090,
1614728305.000000,600076199.000000,-0.070361,-0.030078,0.172511,
1614728305.000000,605079889.000000,-0.070830,-0.031043,0.172931,
1614728305.000000,610083103.000000,-0.071296,-0.031995,0.173354,
1614728305.000000,615087032.000000,-0.071750,-0.032948,0.173776,
1614728305.000000,620090008.000000,-0.072184,-0.033927,0.174199,
1614728305.000000,625094175.000000,-0.072609,-0.034903,0.174623,
1614728305.000000,630097151.000000,-0.072840,-0.034800,0.174331,
1614728305.000000,720159292.000000,-0.078416,-0.052907,0.179215,
1614728305.000000,725162268.000000,-0.078627,-0.053959,0.179563,
1614728305.000000,730166197.000000,-0.078807,-0.054638,0.179497,
1614728305.000000,735169172.000000,-0.078988,-0.055714,0.179825,
1614728305.000000,740172148.000000,-0.079156,-0.056799,0.180154,
1614728305.000000,745175838.000000,-0.079314,-0.057865,0.180506,
1614728305.000000,750179052.000000,-0.079457,-0.058950,0.180849,
1614728305.000000,755182981.000000,-0.079585,-0.060040,0.181197,
1614728305.000000,760186195.000000,-0.079140,-0.061809,0.180284,
1614728305.000000,765190125.000000,-0.079274,-0.062910,0.180605,
1614728305.000000,820226908.000000,-0.079852,-0.074377,0.182954,
1614728305.000000,825231075.000000,-0.079916,-0.075397,0.183305,
1614728305.000000,830234051.000000,-0.079166,-0.076549,0.183746,
1614728305.000000,835238218.000000,-0.079203,-0.077572,0.184120,
1614728305.000000,840241194.000000,-0.079198,-0.078582,0.184479,
1614728305.000000,845245361.000000,-0.079196,-0.079585,0.184852,
1614728305.000000,850248098.000000,-0.079179,-0.080580,0.185228,
1614728305.000000,855251074.000000,-0.079145,-0.081574,0.185604,
1614728305.000000,860255241.000000,-0.079070,-0.082023,0.185690,
1614728305.000000,865258217.000000,-0.079000,-0.082992,0.186053,
1614728305.000000,905286074.000000,-0.078311,-0.090181,0.187319,
1614728305.000000,910289288.000000,-0.078180,-0.091083,0.187673,
1614728305.000000,915293217.000000,-0.078032,-0.091972,0.188017,
1614728305.000000,920296192.000000,-0.077878,-0.092854,0.188372,
1614728305.000000,925299168.000000,-0.077712,-0.093728,0.188729,
1614728305.000000,930303097.000000,-0.078161,-0.093842,0.188386,
1614728305.000000,935306311.000000,-0.077923,-0.094668,0.188697,
1614728305.000000,940310240.000000,-0.077709,-0.095488,0.189020,
1614728305.000000,945313454.000000,-0.077477,-0.096299,0.189342,
1614728305.000000,950317144.000000,-0.077213,-0.097103,0.189662,
1614728305.000000,995347023.000000,-0.073876,-0.102660,0.190534,
1614728306.000000,351191.000000,-0.073407,-0.103383,0.190794,
1614728306.000000,5354166.000000,-0.072922,-0.104102,0.191058,
1614728306.000000,10358334.000000,-0.072428,-0.104804,0.191327,
1614728306.000000,15361071.000000,-0.071915,-0.105507,0.191599,
1614728306.000000,20365238.000000,-0.071386,-0.106204,0.191875,
1614728306.000000,25367975.000000,-0.070828,-0.106903,0.192153,
1614728306.000000,30370951.000000,-0.069603,-0.107681,0.190924,
1614728306.000000,35375118.000000,-0.068996,-0.108374,0.191146,
1614728306.000000,40378094.000000,-0.068380,-0.109079,0.191384,
1614728306.000000,85409403.000000,-0.062590,-0.115068,0.192849,
1614728306.000000,90413094.000000,-0.061920,-0.115745,0.193143,
1614728306.000000,95416069.000000,-0.061593,-0.116774,0.192178,
1614728306.000000,100419044.000000,-0.060925,-0.117453,0.192438,
1614728306.000000,105422974.000000,-0.060220,-0.118067,0.192674,
1614728306.000000,110426188.000000,-0.059521,-0.118695,0.192934,
1614728306.000000,115430117.000000,-0.058811,-0.119306,0.193198,
1614728306.000000,120433331.000000,-0.058078,-0.119888,0.193464,
1614728306.000000,125437260.000000,-0.057335,-0.120454,0.193733,
1614728306.000000,130439997.000000,-0.057189,-0.121085,0.193567,
1614728306.000000,220502377.000000,-0.042519,-0.128679,0.197601,
1614728306.000000,225505352.000000,-0.041484,-0.128886,0.197838,
1614728306.000000,230509043.000000,-0.040101,-0.127712,0.197751,
1614728306.000000,235512018.000000,-0.039016,-0.127827,0.197991,
1614728306.000000,240515947.000000,-0.037912,-0.127919,0.198229,
1614728306.000000,245519161.000000,-0.036816,-0.128015,0.198491,
1614728306.000000,250522137.000000,-0.035696,-0.128085,0.198751,
1614728306.000000,255526066.000000,-0.034563,-0.128141,0.199019,
1614728306.000000,260529280.000000,-0.033437,-0.128199,0.199307,
1614728306.000000,265532255.000000,-0.032722,-0.128218,0.198302,
