"granularity","RX_position","TX_position","total_packets","csi_packets_used","Processing_time","memory_usage(GB)","true_phi","true_theta","top_aoa_phi","top_aoa_theta","top_aoa_confidence","top_aoa_total_error","top_aoa_error_phi","top_aoa_error_theta","closest_aoa_phi","closest_aoa_theta","closest_aoa_confidence","closest_aoa_total_error","closest_aoa_phi_error","closest_theta_error"
"360x180","P0","P1",930,814.00,4.89,12.57,177.57,73.74       ,173.98,113.63,40.00,40.05,3.59,-39.89,    177.99,105.59,30.17,-0.42,-0.42,-31.84
"360x180","P0","P1",965,751.00,4.49,12.57,177.23,74.59       ,172.98,64.36,38.77,11.08,4.25,10.23,    176.99,72.40,27.57,0.24,0.24,2.18
"360x180","P0","P1",965,739.00,4.42,12.57,177.34,74.58       ,171.98,63.35,37.64,12.44,5.36,11.23,    175.99,71.40,27.13,1.35,1.35,3.18
"360x180","P0","P1",965,745.00,4.51,12.57,177.28,74.56       ,172.98,64.36,39.79,11.07,4.30,10.20,    176.99,72.40,28.45,0.29,0.29,2.16
"360x180","P0","P1",965,762.00,4.62,12.57,177.29,74.64       ,170.97,62.35,33.92,13.82,6.31,12.30,    175.99,70.39,24.24,1.30,1.30,4.25
"360x180","P0","P2",965,743.00,4.43,11.72,134.86,78.44       ,134.87,76.42,25.85,2.01,-0.01,2.01,    134.87,76.42,25.85,-0.01,-0.01,2.01
"360x180","P0","P2",983,710.00,4.25,11.72,134.92,78.44       ,131.87,78.44,18.43,3.05,3.05,0.00,    135.88,100.56,14.22,-0.96,-0.96,-22.12
"360x180","P0","P2",965,721.00,4.34,11.72,134.71,78.42       ,134.87,76.42,31.26,2.00,-0.16,2.00,    134.87,76.42,31.26,-0.16,-0.16,2.00
"360x180","P0","P2",965,730.00,4.37,11.85,134.92,78.41       ,133.87,101.56,24.52,23.18,1.05,-23.16,    133.87,101.56,24.52,1.05,1.05,-23.16
"360x180","P0","P2",965,729.00,4.40,11.93,134.84,78.43       ,134.87,76.42,28.48,2.01,-0.04,2.01,    134.87,76.42,28.48,-0.04,-0.04,2.01
"360x180","P0","P3",983,731.00,4.37,11.57,154.29,81.60       ,154.93,81.45,42.36,0.65,-0.64,0.14,    154.93,81.45,42.36,-0.64,-0.64,0.14
"360x180","P0","P3",965,760.00,4.54,12.02,154.19,81.59       ,154.93,98.55,35.75,16.98,-0.74,-16.96,    154.93,98.55,35.75,-0.74,-0.74,-16.96
"360x180","P0","P3",965,776.00,4.65,12.31,154.13,81.57       ,154.93,80.45,38.15,1.38,-0.80,1.12,    154.93,80.45,38.15,-0.80,-0.80,1.12
"360x180","P0","P3",965,749.00,4.52,12.31,154.18,81.56       ,154.93,79.44,37.99,2.25,-0.75,2.12,    154.93,79.44,37.99,-0.75,-0.75,2.12
"360x180","P0","P3",965,781.00,4.71,12.56,154.11,81.56       ,154.93,79.44,37.90,2.27,-0.82,2.12,    154.93,79.44,37.90,-0.82,-0.82,2.12
"360x180","P0","P4",894,824.00,4.91,12.69,176.51,80.88       ,175.99,110.61,28.07,29.74,0.52,-29.74,    175.99,110.61,28.07,0.52,0.52,-29.74
"360x180","P0","P4",965,791.00,4.72,12.69,176.41,80.88       ,175.99,69.39,34.43,11.50,0.42,11.50,    175.99,69.39,34.43,0.42,0.42,11.50
"360x180","P0","P4",983,825.00,4.93,12.90,176.33,80.86       ,174.99,67.37,30.80,13.55,1.34,13.49,    174.99,67.37,30.80,1.34,1.34,13.49
"360x180","P0","P4",983,828.00,4.96,13.03,176.33,80.84       ,174.99,67.37,28.23,13.53,1.34,13.47,    174.99,67.37,28.23,1.34,1.34,13.47
"360x180","P0","P4",983,823.00,4.97,13.07,176.26,80.84       ,174.99,111.62,28.59,30.81,1.27,-30.78,    176.99,73.41,22.13,-0.74,-0.74,7.43
"360x180","P0","P5",983,754.00,4.53,11.85,-157.40,77.98       ,-152.92,114.64,12.31,36.93,-4.47,-36.65,    -156.94,125.70,9.53,-0.46,-0.46,-47.72
"360x180","P0","P5",965,784.00,4.71,12.31,-157.43,77.98       ,-157.94,68.38,13.91,9.61,0.51,9.60,    -157.94,68.38,13.91,0.51,0.51,9.60
"360x180","P0","P5",983,789.00,4.72,12.47,-157.42,77.91       ,-156.94,74.41,16.03,3.53,-0.48,3.50,    -156.94,74.41,16.03,-0.48,-0.48,3.50
"360x180","P0","P5",965,813.00,4.86,12.86,-157.38,77.94       ,-163.96,57.32,15.68,21.65,6.58,20.62,    -158.94,69.39,12.01,1.56,1.56,8.56
"360x180","P0","P5",965,830.00,4.99,13.16,-157.34,77.95       ,-159.94,62.35,14.23,15.82,2.61,15.61,    -155.93,73.41,10.99,-1.40,-1.40,4.55
"360x180","P0","P6",965,771.00,4.63,12.06,-92.66,73.32       ,-88.75,123.69,30.89,50.52,-3.91,-50.37,    -91.75,64.36,23.88,-0.91,-0.91,8.96
"360x180","P0","P6",965,713.00,4.29,12.06,-93.18,73.57       ,-91.75,121.68,25.38,48.12,-1.42,-48.10,    -93.76,110.61,19.60,0.58,0.58,-37.04
"360x180","P0","P6",983,722.00,4.35,12.06,-92.73,73.37       ,-89.75,121.68,32.74,48.40,-2.98,-48.31,    -92.76,112.63,25.06,0.02,0.02,-39.26
"360x180","P0","P6",983,732.00,4.44,12.06,-93.00,73.42       ,-86.74,51.28,30.44,23.00,-6.26,22.14,    -90.75,60.34,22.82,-2.25,-2.25,13.09
"360x180","P0","P6",965,677.00,4.08,12.06,-92.84,73.45       ,-87.74,53.30,30.80,20.79,-5.10,20.15,    -91.75,121.68,23.82,-1.09,-1.09,-48.23
"360x180","P0","P7",965,757.00,4.53,11.89,-44.84,78.14       ,-44.62,104.58,21.17,26.45,-0.22,-26.45,    -44.62,104.58,21.17,-0.22,-0.22,-26.45
"360x180","P0","P7",983,753.00,4.52,11.93,-44.67,78.13       ,-43.62,102.57,26.30,24.46,-1.05,-24.44,    -43.62,102.57,26.30,-1.05,-1.05,-24.44
"360x180","P0","P7",965,755.00,4.54,12.05,-44.63,78.16       ,-44.62,102.57,27.44,24.41,-0.00,-24.41,    -44.62,102.57,27.44,-0.00,-0.00,-24.41
"360x180","P0","P7",983,775.00,4.64,12.40,-44.73,78.17       ,-43.62,103.58,24.93,25.43,-1.11,-25.41,    -43.62,103.58,24.93,-1.11,-1.11,-25.41
"360x180","P0","P7",965,795.00,4.77,12.73,-44.71,78.17       ,-43.62,103.58,25.28,25.43,-1.09,-25.41,    -43.62,103.58,25.28,-1.09,-1.09,-25.41
"360x180","P0","P8",965,828.00,5.03,12.75,5.57,72.72       ,-2.51,71.40,22.34,8.18,8.07,1.32,    2.51,100.56,17.02,3.06,3.06,-27.84
"360x180","P0","P8",965,828.00,5.04,12.84,5.59,72.90       ,1.50,79.44,18.61,7.71,4.08,-6.54,    1.50,79.44,18.61,4.08,4.08,-6.54
"360x180","P0","P8",965,829.00,5.03,12.95,5.61,72.92       ,1.50,81.45,21.00,9.47,4.10,-8.53,    3.51,91.51,16.25,2.10,2.10,-18.59
"360x180","P0","P8",983,828.00,5.04,13.04,5.57,72.87       ,0.50,105.59,16.93,33.11,5.07,-32.72,    1.50,92.51,13.06,4.07,4.07,-19.65
"360x180","P0","P8",965,825.00,5.03,13.10,5.37,72.82       ,-2.51,70.39,24.93,8.24,7.87,2.43,    2.51,96.54,19.22,2.86,2.86,-23.72
"360x180","P0","P9",983,749.00,4.51,11.79,49.71,78.07       ,49.64,86.48,11.33,8.41,0.08,-8.41,    49.64,86.48,11.33,0.08,0.08,-8.41
"360x180","P0","P9",965,767.00,4.60,12.10,49.34,78.16       ,65.68,123.69,7.40,48.37,-16.34,-45.53,    64.68,64.36,5.73,-15.34,-15.34,13.80
"360x180","P0","P9",965,763.00,4.60,12.15,49.81,78.10       ,55.65,81.45,11.95,6.74,-5.85,-3.35,    55.65,81.45,11.95,-5.85,-5.85,-3.35
"360x180","P0","P9",983,765.00,4.62,12.27,49.26,78.10       ,49.64,83.46,12.30,5.38,-0.38,-5.37,    49.64,83.46,12.30,-0.38,-0.38,-5.37
"360x180","P0","P9",965,763.00,4.61,12.35,49.74,78.08       ,55.65,72.40,10.40,8.20,-5.92,5.68,    49.64,100.56,8.04,0.10,0.10,-22.48
"360x180","P0","P10",983,749.00,4.51,11.79,49.71,78.07       ,49.64,86.48,11.33,8.41,0.08,-8.41,    49.64,86.48,11.33,0.08,0.08,-8.41
"360x180","P0","P10",965,767.00,4.60,12.10,49.34,78.16       ,65.68,123.69,7.40,48.37,-16.34,-45.53,    64.68,64.36,5.73,-15.34,-15.34,13.80
"360x180","P0","P10",965,763.00,4.60,12.15,49.81,78.10       ,55.65,81.45,11.95,6.74,-5.85,-3.35,    55.65,81.45,11.95,-5.85,-5.85,-3.35
"360x180","P0","P10",983,765.00,4.62,12.27,49.26,78.10       ,49.64,83.46,12.30,5.38,-0.38,-5.37,    49.64,83.46,12.30,-0.38,-0.38,-5.37
"360x180","P0","P10",965,763.00,4.61,12.35,49.74,78.08       ,55.65,72.40,10.40,8.20,-5.92,5.68,    49.64,100.56,8.04,0.10,0.10,-22.48
"180x90","P0","P1",930,814.00,1.23,3.44,177.57,73.74       ,173.97,113.26,39.38,39.68,3.60,-39.51,    -180.00,97.08,18.57,-2.43,-2.43,-23.33
"180x90","P0","P1",965,751.00,1.15,3.44,177.23,74.59       ,171.96,115.28,38.48,41.03,5.28,-40.69,    175.98,70.79,29.77,1.25,1.25,3.80
"180x90","P0","P1",965,739.00,1.12,3.44,177.34,74.58       ,171.96,115.28,37.57,41.06,5.38,-40.70,    175.98,70.79,28.51,1.36,1.36,3.79
"180x90","P0","P1",965,745.00,1.13,3.53,177.28,74.56       ,171.96,62.70,39.16,13.00,5.32,11.86,    177.99,78.88,17.76,-0.71,-0.71,-4.32
"180x90","P0","P1",965,762.00,1.15,3.67,177.29,74.64       ,171.96,115.28,33.64,40.99,5.33,-40.64,    177.99,76.85,14.56,-0.70,-0.70,-2.21
"180x90","P0","P2",965,743.00,1.14,3.23,134.86,78.44       ,133.74,76.85,25.92,1.94,1.12,1.58,    133.74,76.85,25.92,1.12,1.12,1.58
"180x90","P0","P2",983,710.00,1.10,3.23,134.92,78.44       ,131.73,78.88,18.43,3.21,3.18,-0.44,    131.73,78.88,18.43,3.18,3.18,-0.44
"180x90","P0","P2",965,721.00,1.11,3.36,134.71,78.42       ,133.74,76.85,31.12,1.84,0.97,1.57,    133.74,76.85,31.12,0.97,0.97,1.57
"180x90","P0","P2",965,730.00,1.12,3.48,134.92,78.41       ,133.74,76.85,24.64,1.95,1.17,1.55,    133.74,76.85,24.64,1.17,1.17,1.55
"180x90","P0","P2",965,729.00,1.12,3.58,134.84,78.43       ,133.74,76.85,28.21,1.92,1.10,1.58,    133.74,76.85,28.21,1.10,1.10,1.58
"180x90","P0","P3",983,731.00,1.12,3.20,154.29,81.60       ,155.87,82.92,41.93,2.06,-1.57,-1.32,    155.87,82.92,41.93,-1.57,-1.57,-1.32
"180x90","P0","P3",965,760.00,1.16,3.38,154.19,81.59       ,153.85,99.10,35.47,17.52,0.33,-17.52,    153.85,99.10,35.47,0.33,0.33,-17.52
"180x90","P0","P3",965,776.00,1.18,3.53,154.13,81.57       ,155.87,80.90,37.96,1.86,-1.74,0.67,    155.87,80.90,37.96,-1.74,-1.74,0.67
"180x90","P0","P3",965,749.00,1.14,3.54,154.18,81.56       ,155.87,80.90,37.63,1.82,-1.69,0.67,    155.87,80.90,37.63,-1.69,-1.69,0.67
"180x90","P0","P3",965,781.00,1.19,3.74,154.11,81.56       ,155.87,80.90,37.44,1.88,-1.76,0.66,    155.87,80.90,37.44,-1.76,-1.76,0.66
"180x90","P0","P4",894,824.00,1.26,3.47,176.51,80.88       ,175.98,68.76,27.32,12.13,0.53,12.11,    175.98,68.76,27.32,0.53,0.53,12.11
"180x90","P0","P4",965,791.00,1.20,3.47,176.41,80.88       ,175.98,68.76,33.81,12.13,0.43,12.12,    175.98,68.76,33.81,0.43,0.43,12.12
"180x90","P0","P4",983,825.00,1.26,3.67,176.33,80.86       ,175.98,68.76,29.98,12.10,0.35,12.10,    175.98,68.76,29.98,0.35,0.35,12.10
"180x90","P0","P4",983,828.00,1.26,3.78,176.33,80.84       ,175.98,68.76,27.29,12.08,0.35,12.08,    175.98,68.76,27.29,0.35,0.35,12.08
"180x90","P0","P4",983,823.00,1.25,3.86,176.26,80.84       ,175.98,68.76,28.20,12.08,0.28,12.08,    175.98,68.76,28.20,0.28,0.28,12.08
"180x90","P0","P5",983,754.00,1.15,3.27,-157.40,77.98       ,-153.85,117.30,12.10,39.48,-3.54,-39.32,    -157.88,66.74,9.26,0.48,0.48,11.24
"180x90","P0","P5",965,784.00,1.19,3.46,-157.43,77.98       ,-157.88,68.76,13.88,9.22,0.45,9.21,    -157.88,68.76,13.88,0.45,0.45,9.21
"180x90","P0","P5",983,789.00,1.20,3.57,-157.42,77.91       ,-157.88,70.79,15.97,7.14,0.46,7.13,    -157.88,70.79,15.97,0.46,0.46,7.13
"180x90","P0","P5",965,813.00,1.25,3.74,-157.38,77.94       ,-163.91,56.63,15.48,22.29,6.53,21.31,    -155.87,78.88,11.13,-1.51,-1.51,-0.94
"180x90","P0","P5",965,830.00,1.25,3.89,-157.34,77.95       ,-159.89,62.70,14.26,15.47,2.55,15.26,    -157.88,125.39,10.42,0.54,0.54,-47.44
"180x90","P0","P6",965,771.00,1.17,3.32,-92.66,73.32       ,-89.50,58.65,29.64,15.01,-3.16,14.67,    -93.52,74.83,13.66,0.86,0.86,-1.51
"180x90","P0","P6",965,713.00,1.09,3.32,-93.18,73.57       ,-91.51,121.35,25.22,47.80,-1.67,-47.78,    -93.52,62.70,19.37,0.34,0.34,10.88
"180x90","P0","P6",983,722.00,1.09,3.36,-92.73,73.37       ,-89.50,58.65,32.43,15.07,-3.24,14.71,    -93.52,111.24,22.01,0.79,0.79,-37.87
"180x90","P0","P6",983,732.00,1.11,3.49,-93.00,73.42       ,-87.49,52.58,30.22,21.55,-5.52,20.84,    -89.50,127.42,21.95,-3.51,-3.51,-53.99
"180x90","P0","P6",965,677.00,1.03,3.49,-92.84,73.45       ,-87.49,52.58,30.77,21.54,-5.36,20.86,    -93.52,115.28,18.64,0.68,0.68,-41.83
"180x90","P0","P7",965,757.00,1.15,3.27,-44.84,78.14       ,-43.24,105.17,21.10,27.08,-1.60,-27.03,    -43.24,105.17,21.10,-1.60,-1.60,-27.03
"180x90","P0","P7",983,753.00,1.14,3.36,-44.67,78.13       ,-43.24,78.88,26.40,1.61,-1.43,-0.74,    -43.24,78.88,26.40,-1.43,-1.43,-0.74
"180x90","P0","P7",965,755.00,1.15,3.46,-44.63,78.16       ,-45.25,101.12,27.67,22.97,0.63,-22.97,    -45.25,101.12,27.67,0.63,0.63,-22.97
"180x90","P0","P7",983,775.00,1.17,3.62,-44.73,78.17       ,-43.24,76.85,24.93,1.99,-1.49,1.31,    -43.24,76.85,24.93,-1.49,-1.49,1.31
"180x90","P0","P7",795.00,1.20,3.78,-44.71,78.17       ,-43.24,76.85,25.40,1.97,-1.47,1.31,    -43.24,76.85,25.40,-1.47,-1.47,1.31
"180x90","P0","P8",965,828.00,1.29,3.49,5.57,72.72       ,-3.02,70.79,22.41,8.80,8.58,1.93,    3.02,97.08,17.22,2.55,2.55,-24.36
"180x90","P0","P8",965,828.00,1.29,3.59,5.59,72.90       ,1.01,103.15,18.71,30.59,4.58,-30.25,    1.01,103.15,18.71,4.58,4.58,-30.25
"180x90","P0","P8",965,829.00,1.28,3.69,5.61,72.92       ,1.01,78.88,21.04,7.53,4.60,-5.95,    1.01,78.88,21.04,4.60,4.60,-5.95
"180x90","P0","P8",983,828.00,1.27,3.78,5.57,72.87       ,-1.01,109.21,16.82,36.94,6.58,-36.35,    1.01,84.94,12.31,4.57,4.57,-12.08
"180x90","P0","P8",965,825.00,1.27,3.87,5.37,72.82       ,-3.02,111.24,24.89,39.32,8.38,-38.42,    3.02,91.01,18.32,2.35,2.35,-18.19
"180x90","P0","P9",9,983,749.00,1.13,3.25,49.71,78.07       ,61.34,139.55,10.42,62.57,-11.63,-61.48,    57.32,123.37,7.92,-7.61,-7.61,-45.30
"180x90","P0","P9",9,965,767.00,1.17,3.40,49.34,78.16       ,65.36,52.58,7.21,30.18,-16.02,25.57,    49.27,147.64,5.58,0.07,0.07,-69.48
"180x90","P0","P9",965,763.00,1.16,3.49,49.81,78.10       ,55.31,76.85,10.94,5.64,-5.50,1.25,    55.31,76.85,10.94,-5.50,-5.50,1.25
"180x90","P0","P9",983,765.00,1.17,3.59,49.26,78.10       ,49.27,76.85,10.71,1.24,-0.02,1.24,    49.27,76.85,10.71,-0.02,-0.02,1.24
"180x90","P0","P9",965,763.00,1.17,3.68,49.74,78.08       ,55.31,68.76,9.26,10.86,-5.57,9.32,    55.31,68.76,9.26,-5.57,-5.57,9.32
"180x90","P0","P10",965,797.00,1.21,3.40,94.50,74.11       ,93.52,95.06,26.93,20.97,0.98,-20.95,    93.52,95.06,26.93,0.98,0.98,-20.95
"180x90","P0","P10",965,748.00,1.14,3.40,94.89,74.04       ,93.52,88.99,22.59,15.01,1.37,-14.95,    95.53,72.81,16.40,-0.64,-0.64,1.23
"180x90","P0","P10",965,735.00,1.11,3.40,94.73,74.03       ,93.52,88.99,20.72,15.01,1.22,-14.96,    95.53,105.17,16.03,-0.80,-0.80,-31.14
"180x90","P0","P10",965,697.00,1.05,3.40,94.89,74.06       ,93.52,88.99,23.12,15.00,1.37,-14.93,    95.53,105.17,17.71,-0.64,-0.64,-31.11
"180x90","P0","P10",965,448.00,0.68,3.40,94.94,74.09       ,93.52,88.99,26.13,14.96,1.42,-14.89,    95.53,105.17,19.95,-0.59,-0.59,-31.07
"360x180","P1","P0",965,829.00,4.93,12.76,4.77,71.71       ,-4.51,115.64,14.83,44.90,9.28,-43.93,    9.53,96.54,11.33,-4.75,-4.75,-24.83
"360x180","P1","P0",965,822.00,4.91,12.77,4.81,71.74       ,9.53,88.49,12.61,17.40,-4.71,-16.75,    7.52,78.44,9.73,-2.71,-2.71,-6.69
"360x180","P1","P0",965,827.00,5.00,12.93,4.72,71.63       ,9.53,84.47,17.15,13.70,-4.80,-12.83,    3.51,132.74,13.25,1.21,1.21,-61.10
"360x180","P1","P0",965,826.00,4.96,13.01,4.99,71.67       ,-3.51,113.63,16.96,42.81,8.50,-41.96,    1.50,105.59,12.14,3.49,3.49,-33.92
"360x180","P1","P0",965,733.00,4.39,13.01,5.02,71.70       ,-5.52,65.36,15.36,12.29,10.53,6.34,    9.53,85.47,9.10,-4.51,-4.51,-13.78
"360x180","P2","P0",983,740.00,4.43,11.68,-47.71,77.70       ,-28.58,76.42,16.53,19.17,-19.13,1.28,    -28.58,76.42,16.53,-19.13,-19.13,1.28
"360x180","P2","P0",965,756.00,4.53,11.97,-47.59,77.63       ,-26.57,107.60,13.90,36.61,-21.02,-29.97,    -41.62,86.48,10.75,-5.97,-5.97,-8.85
"360x180","P2","P0",965,764.00,4.58,12.16,-47.82,77.63       ,-33.59,107.60,15.24,33.18,-14.22,-29.97,    -33.59,107.60,15.24,-14.22,-14.22,-29.97
"360x180","P2","P0",965,769.00,4.61,12.32,-47.62,77.62       ,-28.58,72.40,16.16,19.74,-19.04,5.22,    -41.62,84.47,12.50,-6.01,-6.01,-6.85
"360x180","P2","P0",965,816.00,4.89,12.99,-47.56,77.62       ,-27.58,72.40,14.31,20.65,-19.99,5.22,    -31.59,107.60,10.95,-15.97,-15.97,-29.98
"360x180","P3","P0",965,728.00,4.37,11.53,-25.17,81.50       ,168.97,163.91,8.66,185.21,165.86,-82.41,    -81.73,95.53,6.69,56.56,56.56,-14.03
"360x180","P3","P0",965,763.00,4.59,12.05,-25.52,81.46       ,21.56,59.33,8.82,52.02,-47.08,22.13,    -37.60,47.26,6.82,12.09,12.09,34.19
"360x180","P3","P0",965,743.00,4.45,12.05,-25.18,81.45       ,-145.91,24.13,7.80,133.65,120.73,57.32,    -127.86,57.32,6.02,102.68,102.68,24.14
"360x180","P3","P0",965,737.00,4.46,12.05,-25.09,81.50       ,-145.91,151.84,8.56,139.81,120.82,-70.35,    -145.91,151.84,8.56,120.82,120.82,-70.35
"360x180","P3","P0",965,753.00,4.55,12.22,-25.00,81.48       ,-88.75,164.92,8.19,105.00,63.75,-83.43,    34.60,3.02,6.32,-59.59,-59.59,78.47
"360x180","P4","P0",983,781.00,4.68,12.18,3.25,80.17       ,-90.75,39.22,9.68,102.53,94.00,40.95,    18.55,151.84,7.46,-15.30,-15.30,-71.68
"360x180","P4","P0",983,772.00,4.62,12.18,3.51,80.17       ,-3.51,115.64,8.22,36.16,7.02,-35.47,    0.50,74.41,6.35,3.01,3.01,5.75
"360x180","P4","P0",,,,,,,,,,,,,,,,,,
"360x180","P4","P0",965,788.00,4.73,12.46,3.52,80.22       ,27.58,132.74,8.07,57.77,-24.06,-52.52,    5.52,84.47,6.25,-1.99,-1.99,-4.25
"360x180","P4","P0",965,766.00,4.57,12.46,3.55,80.21       ,13.54,157.88,8.27,78.31,-9.99,-77.67,    10.53,167.93,6.37,-6.98,-6.98,-87.72
"360x180","P5","P0",965,735.00,4.41,11.62,30.70,76.63       ,36.60,91.51,7.84,16.01,-5.90,-14.88,    34.60,111.62,6.06,-3.90,-3.90,-34.99
"360x180","P5","P0",965,757.00,4.56,11.98,30.55,76.46       ,-40.61,160.89,9.28,110.43,71.17,-84.44,    32.59,134.75,7.16,-2.04,-2.04,-58.29
"360x180","P5","P0",965,761.00,4.56,12.13,30.93,76.56       ,20.56,59.33,9.61,20.11,10.37,17.23,    24.57,70.39,7.44,6.36,6.36,6.17
"360x180","P5","P0",965,748.00,4.47,12.13,30.46,76.70       ,36.60,141.79,7.09,65.38,-6.14,-65.09,    30.58,83.46,5.48,-0.12,-0.12,-6.77
"360x180","P5","P0",965,723.00,4.33,12.13,30.43,76.72       ,77.72,32.18,7.37,64.96,-47.28,44.54,    53.65,86.48,5.68,-23.21,-23.21,-9.76
"360x180","P6","P0",965,759.00,4.52,11.91,96.55,74.05       ,95.77,91.51,29.02,17.47,0.78,-17.45,    95.77,91.51,29.02,0.78,0.78,-17.45
"360x180","P6","P0",965,812.00,4.88,12.65,97.17,74.05       ,95.77,89.50,24.39,15.51,1.41,-15.44,    97.77,99.55,18.88,-0.60,-0.60,-25.50
"360x180","P6","P0",965,805.00,4.83,12.66,96.64,74.03       ,95.77,89.50,26.55,15.49,0.88,-15.46,    95.77,89.50,26.55,0.88,0.88,-15.46
"360x180","P6","P0",965,813.00,4.86,12.85,96.91,74.08       ,95.77,89.50,32.08,15.46,1.14,-15.41,    97.77,73.41,24.64,-0.86,-0.86,0.68
"360x180","P6","P0",965,820.00,4.95,13.03,96.98,74.08       ,95.77,89.50,28.31,15.47,1.21,-15.42,    96.77,101.56,21.89,0.21,0.21,-27.49
"360x180","P8","P0",965,827.00,4.97,12.74,179.51,75.05       ,174.99,113.63,41.42,38.85,4.53,-38.58,    180.00,105.59,32.07,-0.49,-0.49,-30.54
"360x180","P8","P0",965,826.00,4.94,12.82,179.30,75.12       ,177.99,109.61,40.57,34.51,1.31,-34.49,    177.99,109.61,40.57,1.31,1.31,-34.49
"360x180","P8","P0",965,825.00,4.96,12.90,178.80,75.06       ,174.99,111.62,26.80,36.76,3.81,-36.56,    179.00,75.42,20.70,-0.20,-0.20,-0.36
"360x180","P8","P0",965,822.00,4.96,12.96,179.13,75.07       ,177.99,108.60,34.57,33.55,1.13,-33.53,    177.99,108.60,34.57,1.13,1.13,-33.53
"360x180","P8","P0",965,828.00,4.97,13.13,178.75,75.05       ,174.99,66.37,28.36,9.47,3.77,8.68,    180.00,105.59,21.88,-1.25,-1.25,-30.53
"360x180","P9","P0",9,0,965,806.00,4.83,12.48,-139.70,78.64       ,-177.99,25.14,9.72,65.80,38.30,53.50,    -159.94,135.75,7.48,20.25,20.25,-57.11
"360x180","P9","P0",965,822.00,4.91,12.77,-139.82,78.66       ,6.52,171.96,6.68,173.54,-146.33,-93.29,    -142.90,176.98,5.17,3.08,3.08,-98.32
"360x180","P9","P0",965,800.00,4.85,12.77,-139.76,78.66       ,-19.55,172.96,6.47,152.78,-120.20,-94.30,    -160.95,123.69,5.00,21.19,21.19,-45.03
"360x180","P9","P0",965,751.00,4.52,12.77,-139.64,78.65       ,174.99,22.12,6.66,72.48,45.37,56.53,    -165.96,146.82,5.16,26.32,26.32,-68.17
"360x180","P9","P0",965,779.00,4.73,12.77,-139.61,78.65       ,57.66,142.79,7.71,174.92,162.73,-64.14,    -159.94,62.35,5.97,20.34,20.34,16.31
"360x180","P10","P0",965,821.00,4.91,12.66,-96.45,73.54       ,180.00,172.96,9.65,129.87,83.55,-99.43,    -95.77,110.61,7.45,-0.69,-0.69,-37.08
"360x180","P10","P0",965,832.00,4.95,12.89,-96.87,73.49       ,-90.75,126.70,17.63,53.56,-6.12,-53.21,    -94.76,63.35,13.26,-2.10,-2.10,10.14
"360x180","P10","P0",965,833.00,4.97,13.00,-96.60,73.44       ,-89.75,127.71,14.63,54.70,-6.86,-54.27,    -92.76,60.34,11.08,-3.85,-3.85,13.11
"360x180","P10","P0",965,836.00,4.99,13.13,-96.98,73.45       ,-90.75,126.70,14.83,53.62,-6.23,-53.25,    -99.78,78.44,10.60,2.79,2.79,-4.99
"360x180","P10","P0",965,828.00,4.93,13.13,-96.72,73.56       ,-90.75,127.71,10.54,54.47,-5.97,-54.15,    -98.77,113.63,7.92,2.05,2.05,-40.07
"180x90","P1","P0",965,829.00,1.26,3.49,4.77,71.71       ,-5.03,64.72,14.71,12.04,9.80,6.99,    1.01,105.17,11.19,3.77,3.77,-33.46
"180x90","P1","P0",965,822.00,1.25,3.57,4.81,71.74       ,-3.02,113.26,12.09,42.25,7.83,-41.52,    9.05,76.85,9.30,-4.24,-4.24,-5.11
"180x90","P1","P0",965,827.00,1.25,3.68,4.72,71.63       ,9.05,80.90,16.91,10.22,-4.33,-9.26,    3.02,46.52,12.69,1.71,1.71,25.12
"180x90","P1","P0",965,826.00,1.25,3.78,4.99,71.67       ,-3.02,113.26,16.94,42.35,8.01,-41.59,    1.01,72.81,13.01,3.99,3.99,-1.14
"180x90","P1","P0",965,733.00,1.11,3.78,5.02,71.70       ,-5.03,115.28,15.11,44.72,10.05,-43.58,    1.01,76.85,9.05,4.01,4.01,-5.15
"180x90","P2","P0",983,740.00,1.13,3.22,-47.71,77.70       ,-29.16,105.17,16.46,33.14,-18.55,-27.47,    -47.26,97.08,10.19,-0.45,-0.45,-19.38
"180x90","P2","P0",965,756.00,1.17,3.37,-47.59,77.63       ,-27.15,72.81,13.68,21.00,-20.44,4.82,    -51.28,44.49,8.56,3.70,3.70,33.13
"180x90","P2","P0",965,764.00,1.17,3.49,-47.82,77.63       ,-35.20,107.19,15.06,32.15,-12.62,-29.57,    -37.21,82.92,11.59,-10.61,-10.61,-5.30
"180x90","P2","P0",965,769.00,1.17,3.60,-47.62,77.62       ,-27.15,72.81,16.05,21.03,-20.47,4.81,    -55.31,46.52,9.99,7.69,7.69,31.11
"180x90","P2","P0",965,816.00,1.25,3.84,-47.56,77.62       ,-27.15,72.81,14.12,20.97,-20.41,4.81,    -55.31,135.51,9.72,7.75,7.75,-57.89
"180x90","P3","P0",965,728.00,1.12,3.19,-25.17,81.50       ,169.94,163.82,8.65,184.30,164.89,-82.32,    -75.42,117.30,6.54,50.25,50.25,-35.80
"180x90","P3","P0",965,763.00,1.16,3.39,-25.52,81.46       ,23.13,119.33,8.77,61.65,-48.64,-37.87,    -31.17,46.52,6.75,5.66,5.66,34.94
"180x90","P3","P0",965,743.00,1.13,3.43,-25.18,81.45       ,-145.81,24.27,7.77,133.50,120.63,57.19,    -103.58,36.40,5.78,78.40,78.40,45.05
"180x90","P3","P0",965,737.00,1.12,3.51,-25.09,81.50       ,-145.81,151.69,8.61,139.65,120.72,-70.19,    -145.81,151.69,8.61,120.72,120.72,-70.19
"180x90","P3","P0",965,753.00,1.14,3.65,-25.00,81.48       ,49.27,4.04,7.87,107.30,-74.27,77.44,    -75.42,12.13,6.07,50.42,50.42,69.35
"180x90","P4","P0",983,781.00,1.18,3.35,3.25,80.17       ,-91.51,40.45,9.75,102.75,94.76,39.72,    -23.13,171.91,7.48,26.38,26.38,-91.74
"180x90","P4","P0",983,772.00,1.16,3.42,3.51,80.17       ,-3.02,115.28,8.16,35.71,6.53,-35.11,    3.02,99.10,6.32,0.49,0.49,-18.93
"180x90","P4","P0",,,,,,,,,,,,,,,,,,
"180x90","P4","P0",965,788.00,1.19,3.57,3.52,80.22       ,27.15,133.48,8.05,58.27,-23.63,-53.26,    1.01,68.76,6.21,2.52,2.52,11.45
"180x90","P4","P0",965,766.00,1.16,3.59,3.55,80.21       ,15.08,24.27,8.24,57.12,-11.53,55.94,    15.08,24.27,8.24,-11.53,-11.53,55.94
"180x90","P5","P0",965,735.00,1.12,3.21,30.70,76.63       ,35.20,76.85,7.52,4.50,-4.50,-0.22,    35.20,76.85,7.52,-4.50,-4.50,-0.22
"180x90","P5","P0",965,757.00,1.15,3.37,30.55,76.46       ,-49.27,159.78,8.98,115.39,79.83,-83.32,    -21.12,161.80,6.68,51.67,51.67,-85.34
"180x90","P5","P0",965,761.00,1.17,3.48,30.93,76.56       ,21.12,60.67,9.59,18.67,9.81,15.89,    25.14,111.24,7.30,5.79,5.79,-34.67
"180x90","P5","P0",965,748.00,1.13,3.54,30.46,76.70       ,37.21,141.57,7.11,65.23,-6.74,-64.88,    27.15,30.34,5.50,3.31,3.31,46.36
"180x90","P5","P0",965,723.00,1.10,3.56,30.43,76.72       ,77.43,32.36,7.39,64.63,-47.00,44.36,    37.21,30.34,5.63,-6.77,-6.77,46.39
"180x90","P6","P0",965,759.00,1.20,3.28,96.55,74.05       ,95.53,88.99,29.52,14.97,1.02,-14.93,    97.54,105.17,21.25,-0.99,-0.99,-31.11
"180x90","P6","P0",965,812.00,1.28,3.54,97.17,74.05       ,95.53,88.99,22.77,15.03,1.64,-14.94,    97.54,105.17,15.70,-0.37,-0.37,-31.12
"180x90","P6","P0",965,805.00,1.27,3.61,96.64,74.03       ,95.53,88.99,26.35,15.00,1.11,-14.95,    97.54,105.17,19.97,-0.90,-0.90,-31.13
"180x90","P6","P0",965,813.00,1.28,3.73,96.91,74.08       ,95.53,88.99,31.40,14.97,1.38,-14.90,    97.54,105.17,23.49,-0.63,-0.63,-31.08
"180x90","P6","P0",965,820.00,1.28,3.85,96.98,74.08       ,95.53,88.99,27.15,14.98,1.45,-14.91,    97.54,105.17,17.88,-0.57,-0.57,-31.09
"180x90","P8","P0",965,827.00,1.26,3.49,179.51,75.05       ,175.98,66.74,39.81,9.03,3.54,8.31,    180.00,107.19,29.44,-0.49,-0.49,-32.14
"180x90","P8","P0",965,826.00,1.25,3.58,179.30,75.12       ,177.99,68.76,40.08,6.49,1.31,6.35,    180.00,109.21,29.64,-0.70,-0.70,-34.09
"180x90","P8","P0",965,825.00,1.25,3.68,178.80,75.06       ,173.97,113.26,26.00,38.50,4.83,-38.20,    180.00,72.81,19.26,-1.20,-1.20,2.25
"180x90","P8","P0",965,822.00,1.25,3.76,179.13,75.07       ,175.98,111.24,33.70,36.30,3.15,-36.16,    -177.99,80.90,25.18,-2.88,-2.88,-5.83
"180x90","P8","P0",965,828.00,1.25,3.88,178.75,75.05       ,173.97,113.26,28.00,38.50,4.79,-38.21,    -180.00,76.85,20.62,-1.25,-1.25,-1.80
"180x90","P9","P0",965,806.00,1.22,3.42,-139.70,78.64       ,180.00,24.27,9.78,67.68,40.30,54.37,    -155.87,82.92,7.25,16.17,16.17,-4.28
"180x90","P9","P0",965,800.00,1.21,3.50,-139.76,78.66       ,59.33,143.60,6.26,173.52,160.91,-64.94,    -87.49,157.75,4.85,-52.27,-52.27,-79.09
"180x90","P9","P0",
"180x90","P9","P0",965,751.00,1.14,3.50,-139.64,78.65       ,171.96,157.75,6.56,92.74,48.40,-79.10,    -137.77,99.10,5.08,-1.88,-1.88,-20.45
"180x90","P9","P0",965,779.00,1.18,3.63,-139.61,78.65       ,57.32,141.57,7.74,174.79,163.08,-62.92,    -165.92,143.60,5.97,26.32,26.32,-64.94
"180x90","P10","P0",965,821.00,1.25,3.47,-96.45,73.54       ,-169.94,171.91,9.38,122.79,73.49,-98.37,    -93.52,117.30,7.10,-2.93,-2.93,-43.77
"180x90","P10","P0",965,832.00,1.27,3.60,-96.87,73.49       ,-91.51,125.39,17.50,52.18,-5.36,-51.90,    -95.53,64.72,11.28,-1.34,-1.34,8.78
"180x90","P10","P0",965,833.00,1.28,3.70,-96.60,73.44       ,-89.50,52.58,14.53,22.04,-7.11,20.86,    -99.55,76.85,6.98,2.95,2.95,-3.41
"180x90","P10","P0",965,836.00,1.27,3.81,-96.98,73.45       ,-89.50,129.44,14.18,56.49,-7.49,-55.99,    -99.55,76.85,10.24,2.57,2.57,-3.40
"180x90","P10","P0",965,828.00,1.26,3.88,-96.72,73.56       ,-91.51,54.61,10.27,19.66,-5.21,18.96,    -99.55,113.26,7.90,2.83,2.83,-39.70
